relative_compactness;surface_area;wall_area;roof_area;overall_height;orientation;glazing_area;glazing_distribution;heating_load;cooling_load
0,98;514,5;294,0;110,25;7,0;2;0,0;0;3,4297091945502207;2,602170981955937
0,98;514,5;294,0;110,25;7,0;3;0,0;0;3,4297091945502207;2,602170981955937
0,98;514,5;294,0;110,25;7,0;4;0,0;0;3,4297091945502207;2,602170981955937
0,98;514,5;294,0;110,25;7,0;5;0,0;0;3,4297091945502207;2,602170981955937
0,9;563,5;318,5;122,5;7,0;2;0,0;0;3,890637908335241;2,8011602885292928
0,9;563,5;318,5;122,5;7,0;3;0,0;0;3,937963361942007;2,7255482619124374
0,9;563,5;318,5;122,5;7,0;4;0,0;0;3,880564569728384;2,7194251231924693
0,9;563,5;318,5;122,5;7,0;5;0,0;0;3,798811010978932;2,832775721017071
0,86;588,0;294,0;147,0;7,0;2;0,0;0;3,7841552779927983;2,776610664799615
0,86;588,0;294,0;147,0;7,0;3;0,0;0;3,82058411546724;2,6233170575763256
0,86;588,0;294,0;147,0;7,0;4;0,0;0;3,771031897226513;2,6709163351210243
0,86;588,0;294,0;147,0;7,0;5;0,0;0;3,6842880600949193;2,791006107389219
0,82;612,5;318,5;147,0;7,0;2;0,0;0;3,5723941591412065;2,6793115023604437
0,82;612,5;318,5;147,0;7,0;3;0,0;0;3,6050565170140567;2,606522733365453
0,82;612,5;318,5;147,0;7,0;4;0,0;0;3,56321814340086;2,596435639897941
0,82;612,5;318,5;147,0;7,0;5;0,0;0;3,471758328803666;2,712959846798531
0,79;637,0;343,0;147,0;7,0;2;0,0;0;4,4085740001248315;2,9983430235319553
0,79;637,0;343,0;147,0;7,0;3;0,0;0;4,488816675267504;2,8706045170708023
0,79;637,0;343,0;147,0;7,0;4;0,0;0;4,473366331857204;2,8630873789066995
0,79;637,0;343,0;147,0;7,0;5;0,0;0;4,422171921115402;3,0281133404100915
0,76;661,5;416,5;122,5;7,0;2;0,0;0;4,1726867402922005;2,837197416338173
0,76;661,5;416,5;122,5;7,0;3;0,0;0;4,115748269393205;2,8346413129011254
0,76;661,5;416,5;122,5;7,0;4;0,0;0;4,1726867402922005;2,837197416338173
0,76;661,5;416,5;122,5;7,0;5;0,0;0;4,115748269393205;2,828087171124501
0,74;686,0;245,0;220,5;3,5;2;0,0;0;2,084423127350729;2,103161505206261
0,74;686,0;245,0;220,5;3,5;3;0,0;0;2,0800443180233743;2,1233723387673225
0,74;686,0;245,0;220,5;3,5;4;0,0;0;2,071249962339069;2,105984430299769
0,74;686,0;245,0;220,5;3,5;5;0,0;0;2,0778503352413593;2,1219972328698318
0,71;710,5;269,5;220,5;3,5;2;0,0;0;2,1486875808650407;2,1288456357089527
0,71;710,5;269,5;220,5;3,5;3;0,0;0;2,1549727930654465;2,158851160426224
0,71;710,5;269,5;220,5;3,5;4;0,0;0;2,1478476680443683;2,13020722903519
0,71;710,5;269,5;220,5;3,5;5;0,0;0;2,1549727930654465;2,1555808647312564
0,69;735,0;294,0;220,5;3,5;2;0,0;0;2,246390493323809;2,1601549489483656
0,69;735,0;294,0;220,5;3,5;3;0,0;0;2,234499446619283;2,1800543480281847
0,69;735,0;294,0;220,5;3,5;4;0,0;0;2,23051607653683;2,1595033628430595
0,69;735,0;294,0;220,5;3,5;5;0,0;0;2,238472937245493;2,1724194402518555
0,66;759,5;318,5;220,5;3,5;2;0,0;0;2,3102640283380915;2,2018501449189607
0,66;759,5;318,5;220,5;3,5;3;0,0;0;2,2950104568457537;2,1913500236974794
0,66;759,5;318,5;220,5;3,5;4;0,0;0;2,2950104568457537;2,2018501449189607
0,66;759,5;318,5;220,5;3,5;5;0,0;0;2,2950104568457537;2,185725402583741
0,64;784,0;343,0;220,5;3,5;2;0,0;0;2,8914451819041753;2,4280127150295163
0,64;784,0;343,0;220,5;3,5;3;0,0;0;2,8493996014172307;2,428888669471992
0,64;784,0;343,0;220,5;3,5;4;0,0;0;2,880692653215984;2,42669661010773
0,64;784,0;343,0;220,5;3,5;5;0,0;0;2,8521434686273217;2,423174177404365
0,62;808,5;367,5;220,5;3,5;2;0,0;0;2,559671303843014;2,1813186324868163
0,62;808,5;367,5;220,5;3,5;3;0,0;0;2,541645081645096;2,1907273363474795
0,62;808,5;367,5;220,5;3,5;4;0,0;0;2,535041253007151;2,181949903804791
0,62;808,5;367,5;220,5;3,5;5;0,0;0;2,543291939506014;2,1794213328545005
0,98;514,5;294,0;110,25;7,0;2;0,1;1;4,159951891544367;2,7550416683367382
0,98;514,5;294,0;110,25;7,0;3;0,1;1;4,16331119169014;2,7523924664524446
0,98;514,5;294,0;110,25;7,0;4;0,1;1;4,16331119169014;2,754248074747222
0,98;514,5;294,0;110,25;7,0;5;0,1;1;4,160624212157258;2,750265070766168
0,9;563,5;318,5;122,5;7,0;2;0,1;1;4,438602673164052;2,905841358488566
0,9;563,5;318,5;122,5;7,0;3;0,1;1;4,487105792724171;2,8390498351338445
0,9;563,5;318,5;122,5;7,0;4;0,1;1;4,445021073825283;2,832308449293945
0,9;563,5;318,5;122,5;7,0;5;0,1;1;4,382901875361593;2,934434758213114
0,86;588,0;294,0;147,0;7,0;2;0,1;1;4,271068283074026;2,862196989420381
0,86;588,0;294,0;147,0;7,0;3;0,1;1;4,310710612855443;2,7316128206898616
0,86;588,0;294,0;147,0;7,0;4;0,1;1;4,276780199089905;2,7696749785520596
0,86;588,0;294,0;147,0;7,0;5;0,1;1;4,205810220538463;2,880631734442165
0,82;612,5;318,5;147,0;7,0;2;0,1;1;4,088040320504987;2,776866079416671
0,82;612,5;318,5;147,0;7,0;3;0,1;1;4,122614205091693;2,712394525288433
0,82;612,5;318,5;147,0;7,0;4;0,1;1;4,088737841928565;2,703853791314743
0,82;612,5;318,5;147,0;7,0;5;0,1;1;4,020607155833452;2,806785309551463
0,79;637,0;343,0;147,0;7,0;2;0,1;1;4,788362946481053;3,0650144501863217
0,79;637,0;343,0;147,0;7,0;3;0,1;1;4,863815255192319;2,9529750128464203
0,79;637,0;343,0;147,0;7,0;4;0,1;1;4,853338403885363;2,9364129943735082
0,79;637,0;343,0;147,0;7,0;5;0,1;1;4,806995660547325;3,0908163209887007
0,76;661,5;416,5;122,5;7,0;2;0,1;1;4,656168908269707;2,92525181660602
0,76;661,5;416,5;122,5;7,0;3;0,1;1;4,611579296977954;2,9292612901545976
0,76;661,5;416,5;122,5;7,0;4;0,1;1;4,655118444212549;2,9306584429177716
0,76;661,5;416,5;122,5;7,0;5;0,1;1;4,616403464365477;2,9212160009855572
0,74;686,0;245,0;220,5;3,5;2;0,1;1;2,824505245474577;2,2622356278586233
0,74;686,0;245,0;220,5;3,5;3;0,1;1;2,8342293919699064;2,277765762407676
0,74;686,0;245,0;220,5;3,5;4;0,1;1;2,824505245474577;2,2650350518686277
0,74;686,0;245,0;220,5;3,5;5;0,1;1;2,828679498746739;2,277217193105885
0,71;710,5;269,5;220,5;3,5;2;0,1;1;2,872583979196853;2,282683007972425
0,71;710,5;269,5;220,5;3,5;3;0,1;1;2,884732717666216;2,3083214246326604
0,71;710,5;269,5;220,5;3,5;4;0,1;1;2,8712288120224496;2,286483008648266
0,71;710,5;269,5;220,5;3,5;5;0,1;1;2,877994002863461;2,3077970931770877
0,69;735,0;294,0;220,5;3,5;2;0,1;1;2,9259353295331327;2,3083214246326604
0,69;735,0;294,0;220,5;3,5;3;0,1;1;2,9285601349387163;2,325399550624583
0,69;735,0;294,0;220,5;3,5;4;0,1;1;2,923306537521032;2,3093688670435664
0,69;735,0;294,0;220,5;3,5;5;0,1;1;2,9324898970016005;2,3171732692730838
0,66;759,5;318,5;220,5;3,5;2;0,1;1;2,999229213141423;2,288105074760915
0,66;759,5;318,5;220,5;3,5;3;0,1;1;3,0004879095762065;2,278313888162545
0,66;759,5;318,5;220,5;3,5;4;0,1;1;3,001745698586775;2,287024129301556
0,66;759,5;318,5;220,5;3,5;5;0,1;1;3,0004879095762065;2,2744676694312074
0,64;784,0;343,0;220,5;3,5;2;0,1;1;3,41580718353655;2,5327507510450364
0,64;784,0;343,0;220,5;3,5;3;0,1;1;3,3947531838877394;2,5349895438207035
0,64;784,0;343,0;220,5;3,5;4;0,1;1;3,4168037079486764;2,5316284688890667
0,64;784,0;343,0;220,5;3,5;5;0,1;1;3,395761299083655;2,530879207707104
0,62;808,5;367,5;220,5;3,5;2;0,1;1;3,153420388904864;2,31145888663234
0,62;808,5;367,5;220,5;3,5;3;0,1;1;3,154573475425526;2,319754789185018
0,62;808,5;367,5;220,5;3,5;4;0,1;1;3,1499566230222404;2,3109369883970143
0,62;808,5;367,5;220,5;3,5;5;0,1;1;3,1603276901406545;2,3077970931770877
0,98;514,5;294,0;110,25;7,0;2;0,1;2;4,140353558503995;2,741142848573673
0,98;514,5;294,0;110,25;7,0;3;0,1;2;4,141711483116054;2,732435325880999
0,98;514,5;294,0;110,25;7,0;4;0,1;2;4,129456094586646;2,7459886593526277
0,98;514,5;294,0;110,25;7,0;5;0,1;2;4,13763487899278;2,739519289920297
0,9;563,5;318,5;122,5;7,0;2;0,1;2;4,4298171843583;2,8979025632196995
0,9;563,5;318,5;122,5;7,0;3;0,1;2;4,47623643665553;2,8290277052018142
0,9;563,5;318,5;122,5;7,0;4;0,1;2;4,426880138685296;2,827145216890783
0,9;563,5;318,5;122,5;7,0;5;0,1;2;4,371452708730912;2,931853476249888
0,86;588,0;294,0;147,0;7,0;2;0,1;2;4,283739152761863;2,862642343888265
0,86;588,0;294,0;147,0;7,0;3;0,1;2;4,317551891033606;2,732435325880999
0,86;588,0;294,0;147,0;7,0;4;0,1;2;4,274243602016997;2,7781415986791833
0,86;588,0;294,0;147,0;7,0;5;0,1;2;4,211713670277719;2,884296712797341
0,82;612,5;318,5;147,0;7,0;2;0,1;2;4,103328395079584;2,7786510827569946
0,82;612,5;318,5;147,0;7,0;3;0,1;2;4,136274121224962;2,7154975846072493
0,82;612,5;318,5;147,0;7,0;4;0,1;2;4,0977829626108395;2,7092762325936564
0,82;612,5;318,5;147,0;7,0;5;0,1;2;4,0357165672264355;2,8135656225248913
0,79;637,0;343,0;147,0;7,0;2;0,1;2;4,792791073701928;3,0551874781232486
0,79;637,0;343,0;147,0;7,0;3;0,1;2;4,870455118306422;2,9401541490372396
0,79;637,0;343,0;147,0;7,0;4;0,1;2;4,856677646472873;2,92525181660602
0,79;637,0;343,0;147,0;7,0;5;0,1;2;4,811384332574547;3,083579179140479
0,76;661,5;416,5;122,5;7,0;2;0,1;2;4,666644099013724;2,926055808193581
0,76;661,5;416,5;122,5;7,0;3;0,1;2;4,626550613291177;2,9292612901545976
0,76;661,5;416,5;122,5;7,0;4;0,1;2;4,664553330161194;2,9312562504662356
0,76;661,5;416,5;122,5;7,0;5;0,1;2;4,627083282797642;2,923438979070183
0,74;686,0;245,0;220,5;3,5;2;0,1;2;2,832843603158776;2,25998775401225
0,74;686,0;245,0;220,5;3,5;3;0,1;2;2,838380048162736;2,278313888162545
0,74;686,0;245,0;220,5;3,5;4;0,1;2;2,8189236935315707;2,2700451164829967
0,74;686,0;245,0;220,5;3,5;5;0,1;2;2,8369976124986858;2,282138406187062
0,71;710,5;269,5;220,5;3,5;2;0,1;2;2,8630753127355932;2,2755688170805084
0,71;710,5;269,5;220,5;3,5;3;0,1;2;2,8739380800379792;2,2993519382107084
0,71;710,5;269,5;220,5;3,5;4;0,1;2;2,8507720831870196;2,282683007972425
0,71;710,5;269,5;220,5;3,5;5;0,1;2;2,8685152713190383;2,304642522946161
0,69;735,0;294,0;220,5;3,5;2;0,1;2;2,9700254067552843;2,249207677203901
0,69;735,0;294,0;220,5;3,5;3;0,1;2;2,9713053764797115;2,2683791997208695
0,69;735,0;294,0;220,5;3,5;4;0,1;2;2,953299449631662;2,256035997663871
0,69;735,0;294,0;220,5;3,5;5;0,1;2;2,9751396440562408;2,266709184588386
0,66;759,5;318,5;220,5;3,5;2;0,1;2;2,9700254067552843;2,3380551599353385
0,66;759,5;318,5;220,5;3,5;3;0,1;2;2,9661798347654846;2,332516007450542
0,66;759,5;318,5;220,5;3,5;4;0,1;2;2,95459179522335;2,345039586502707
0,66;759,5;318,5;220,5;3,5;5;0,1;2;2,9674626374195205;2,332010177963437
0,64;784,0;343,0;220,5;3,5;2;0,1;2;3,41580718353655;2,52749685461673
0,64;784,0;343,0;220,5;3,5;3;0,1;2;3,3927352749069173;2,5316284688890667
0,64;784,0;343,0;220,5;3,5;4;0,1;2;3,4088162065871703;2,530879207707104
0,64;784,0;343,0;220,5;3,5;5;0,1;2;3,393744509388432;2,5301290858750187
0,62;808,5;367,5;220,5;3,5;2;0,1;2;3,14416859443847;2,313022163006804
0,62;808,5;367,5;220,5;3,5;3;0,1;2;3,158028243589581;2,3233523799622255
0,62;808,5;367,5;220,5;3,5;4;0,1;2;3,154573475425526;2,3077970931770877
0,62;808,5;367,5;220,5;3,5;5;0,1;2;3,16262416076809;2,306221650584439
0,98;514,5;294,0;110,25;7,0;2;0,1;3;4,139674242680621;2,73380379812868
0,98;514,5;294,0;110,25;7,0;3;0,1;3;4,147810513090716;2,7430317469612775
0,98;514,5;294,0;110,25;7,0;4;0,1;3;4,128089631552144;2,7381631337258803
0,98;514,5;294,0;110,25;7,0;5;0,1;3;4,144424509199605;2,7462567848171804
0,9;563,5;318,5;122,5;7,0;2;0,1;3;4,381699779822247;2,9306584429177716
0,9;563,5;318,5;122,5;7,0;3;0,1;3;4,437433489020269;2,904386609393603
0,9;563,5;318,5;122,5;7,0;4;0,1;3;4,4727918209759565;2,8438863756474597
0,9;563,5;318,5;122,5;7,0;5;0,1;3;4,4397711784166045;2,834408419076488
0,86;588,0;294,0;147,0;7,0;2;0,1;3;4,214985736512813;2,880631734442165
0,86;588,0;294,0;147,0;7,0;3;0,1;3;4,2831075287315254;2,8648643331824264
0,86;588,0;294,0;147,0;7,0;4;0,1;3;4,309464211935784;2,739790172615875
0,86;588,0;294,0;147,0;7,0;5;0,1;3;4,282475703498271;2,7791601542887534
0,82;612,5;318,5;147,0;7,0;2;0,1;3;4,045724428013129;2,810910685677159
0,82;612,5;318,5;147,0;7,0;3;0,1;3;4,109548214466431;2,7827121568653284
0,82;612,5;318,5;147,0;7,0;4;0,1;3;4,132186158589869;2,7247167617976995
0,82;612,5;318,5;147,0;7,0;5;0,1;3;4,111617088708155;2,712959846798531
0,79;637,0;343,0;147,0;7,0;2;0,1;3;4,799170648049887;3,0875935175386564
0,79;637,0;343,0;147,0;7,0;3;0,1;3;4,784418894245022;3,0576188829054094
0,79;637,0;343,0;147,0;7,0;4;0,1;3;4,856677646472873;2,949504961462194
0,79;637,0;343,0;147,0;7,0;5;0,1;3;4,8437681961022605;2,933641673754621
0,76;661,5;416,5;122,5;7,0;2;0,1;3;4,6329335208610685;2,9248494258524835
0,76;661,5;416,5;122,5;7,0;3;0,1;3;4,6729036734739005;2,9300600525258287
0,76;661,5;416,5;122,5;7,0;4;0,1;3;4,622818040929004;2,9373997244343677
0,76;661,5;416,5;122,5;7,0;5;0,1;3;4,670819265961497;2,9377939722401
0,74;686,0;245,0;220,5;3,5;2;0,1;3;2,828679498746739;2,2717069539597667
0,74;686,0;245,0;220,5;3,5;3;0,1;3;2,8217167449416487;2,2582969560932367
0,74;686,0;245,0;220,5;3,5;4;0,1;3;2,823111563054483;2,2744676694312074
0,74;686,0;245,0;220,5;3,5;5;0,1;3;2,8272892113093984;2,2655935548099393
0,71;710,5;269,5;220,5;3,5;2;0,1;3;2,880692653215984;2,3009434685810883
0,71;710,5;269,5;220,5;3,5;3;0,1;3;2,8685152713190383;2,281047887532519
0,71;710,5;269,5;220,5;3,5;4;0,1;3;2,8685152713190383;2,3093688670435664
0,71;710,5;269,5;220,5;3,5;5;0,1;3;2,8712288120224496;2,286483008648266
0,69;735,0;294,0;220,5;3,5;2;0,1;3;2,9403227771789684;2,3166557766011735
0,69;735,0;294,0;220,5;3,5;3;0,1;3;2,9324898970016005;2,3077970931770877
0,69;735,0;294,0;220,5;3,5;4;0,1;3;2,9246214326801105;2,3284586811328802
0,69;735,0;294,0;220,5;3,5;5;0,1;3;2,9298710467895708;2,3145818242905567
0,66;759,5;318,5;220,5;3,5;2;0,1;3;2,9878598736351925;2,263916666290239
0,66;759,5;318,5;220,5;3,5;3;0,1;3;2,989126801767298;2,277217193105885
0,66;759,5;318,5;220,5;3,5;4;0,1;3;2,9802388933009345;2,2711534602154115
0,66;759,5;318,5;220,5;3,5;5;0,1;3;2,9903928094569316;2,2843141911881064
0,64;784,0;343,0;220,5;3,5;2;0,1;3;3,3907151232756467;2,524096900691755
0,64;784,0;343,0;220,5;3,5;3;0,1;3;3,41081636835407;2,5256101754112423
0,64;784,0;343,0;220,5;3,5;4;0,1;3;3,3866680702172522;2,5327507510450364
0,64;784,0;343,0;220,5;3,5;5;0,1;3;3,41081636835407;2,529753701627291
0,62;808,5;367,5;220,5;3,5;2;0,1;3;3,120825367957236;2,298288831774527
0,62;808,5;367,5;220,5;3,5;3;0,1;3;3,114941089251184;2,3056956849635064
0,62;808,5;367,5;220,5;3,5;4;0,1;3;3,1243465521000036;2,3009434685810883
0,62;808,5;367,5;220,5;3,5;5;0,1;3;3,1266901174704733;2,2875648177871333
0,98;514,5;294,0;110,25;7,0;2;0,1;4;4,146456814120811;2,74006093935107
0,98;514,5;294,0;110,25;7,0;3;0,1;4;4,136274121224962;2,7348964501633324
0,98;514,5;294,0;110,25;7,0;4;0,1;4;4,123299473078137;2,7473281503273714
0,98;514,5;294,0;110,25;7,0;5;0,1;4;4,142390092262066;2,738977176269959
0,9;563,5;318,5;122,5;7,0;2;0,1;4;4,4403551767278575;2,8266737059398337
0,9;563,5;318,5;122,5;7,0;3;0,1;4;4,380496961983167;2,926055808193581
0,9;563,5;318,5;122,5;7,0;4;0,1;4;4,428642880908719;2,903970335304458
0,9;563,5;318,5;122,5;7,0;5;0,1;4;4,482536346633772;2,840204805105167
0,86;588,0;294,0;147,0;7,0;2;0,1;4;4,281211448862183;2,7732808019702033
0,86;588,0;294,0;147,0;7,0;3;0,1;4;4,212368518358315;2,8812800753376124
0,86;588,0;294,0;147,0;7,0;4;0,1;4;4,274243602016997;2,8659723499386383
0,86;588,0;294,0;147,0;7,0;5;0,1;4;4,318172660446578;2,737348042420373
0,82;612,5;318,5;147,0;7,0;2;0,1;4;4,106786298535477;2,703853791314743
0,82;612,5;318,5;147,0;7,0;3;0,1;4;4,036433130801749;2,809215294105197
0,82;612,5;318,5;147,0;7,0;4;0,1;4;4,092221706458047;2,783470695089399
0,82;612,5;318,5;147,0;7,0;5;0,1;4;4,136954618426271;2,7194251231924693
0,79;637,0;343,0;147,0;7,0;2;0,1;4;4,851427866777871;2,932847562665687
0,79;637,0;343,0;147,0;7,0;3;0,1;4;4,804553504418553;3,0903569822780357
0,79;637,0;343,0;147,0;7,0;4;0,1;4;4,782937941574071;3,067883762582373
0,79;637,0;343,0;147,0;7,0;5;0,1;4;4,86286498053073;2,9531672174785406
0,76;661,5;416,5;122,5;7,0;2;0,1;4;4,6624604314178395;2,9300600525258287
0,76;661,5;416,5;122,5;7,0;3;0,1;4;4,625484858335683;2,9202028924667065
0,76;661,5;416,5;122,5;7,0;4;0,1;4;4,662983856040382;2,925653943943805
0,76;661,5;416,5;122,5;7,0;5;0,1;4;4,621750340296656;2,9288615188820613
0,74;686,0;245,0;220,5;3,5;2;0,1;4;2,7850460952073095;2,249207677203901
0,74;686,0;245,0;220,5;3,5;3;0,1;4;2,7949966919231857;2,2582969560932367
0,74;686,0;245,0;220,5;3,5;4;0,1;4;2,7836198291805663;2,249779328292919
0,74;686,0;245,0;220,5;3,5;5;0,1;4;2,793578727130995;2,267822984330784
0,71;710,5;269,5;220,5;3,5;2;0,1;4;2,865797443169197;2,2755688170805084
0,71;710,5;269,5;220,5;3,5;3;0,1;4;2,8685152713190383;2,2998828649487653
0,71;710,5;269,5;220,5;3,5;4;0,1;4;2,848026021400104;2,282138406187062
0,71;710,5;269,5;220,5;3,5;5;0,1;4;2,8739380800379792;2,3041153253316318
0,69;735,0;294,0;220,5;3,5;2;0,1;4;2,9351047934641974;2,308845349054659
0,69;735,0;294,0;220,5;3,5;3;0,1;4;2,9403227771789684;2,3192392757391906
0,69;735,0;294,0;220,5;3,5;4;0,1;4;2,920673745641522;2,315619597934932
0,69;735,0;294,0;220,5;3,5;5;0,1;4;2,937715749203351;2,3315039677690437
0,66;759,5;318,5;220,5;3,5;2;0,1;4;2,9687444942417067;2,3380551599353385
0,66;759,5;318,5;220,5;3,5;3;0,1;4;2,9661798347654846;2,3284586811328802
0,66;759,5;318,5;220,5;3,5;4;0,1;4;2,95459179522335;2,345039586502707
0,66;759,5;318,5;220,5;3,5;5;0,1;4;2,9674626374195205;2,336549002941474
0,64;784,0;343,0;220,5;3,5;2;0,1;4;3,414810113787955;2,527873537627616
0,64;784,0;343,0;220,5;3,5;3;0,1;4;3,393744509388432;2,5282500035849296
0,64;784,0;343,0;220,5;3,5;4;0,1;4;3,406813845092043;2,5346169445446227
0,64;784,0;343,0;220,5;3,5;5;0,1;4;3,3907151232756467;2,5368493557840726
0,62;808,5;367,5;220,5;3,5;2;0,1;4;3,1406866784976772;2,313022163006804
0,62;808,5;367,5;220,5;3,5;3;0,1;4;3,16262416076809;2,31145888663234
0,62;808,5;367,5;220,5;3,5;4;0,1;4;3,158028243589581;2,3083214246326604
0,62;808,5;367,5;220,5;3,5;5;0,1;4;3,158028243589581;2,3182070641947115
0,98;514,5;294,0;110,25;7,0;2;0,1;5;4,144424509199605;2,732709257044391
0,98;514,5;294,0;110,25;7,0;3;0,1;5;4,143068466205936;2,741953067519328
0,98;514,5;294,0;110,25;7,0;4;0,1;5;4,122614205091693;2,739248291169856
0,98;514,5;294,0;110,25;7,0;5;0,1;5;4,138314903104306;2,7473281503273714
0,9;563,5;318,5;122,5;7,0;2;0,1;5;4,484822361108864;2,83789271916089
0,9;563,5;318,5;122,5;7,0;3;0,1;5;4,441522665257768;2,830904529135404
0,9;563,5;318,5;122,5;7,0;4;0,1;5;4,379293420894869;2,936807876971478
0,9;563,5;318,5;122,5;7,0;5;0,1;5;4,438018166007455;2,9077067176419114
0,86;588,0;294,0;147,0;7,0;2;0,1;5;4,318172660446578;2,737619856209864
0,86;588,0;294,0;147,0;7,0;3;0,1;5;4,2818436769219295;2,77737659764641
0,86;588,0;294,0;147,0;7,0;4;0,1;5;4,211713670277719;2,8872987039777707
0,86;588,0;294,0;147,0;7,0;5;0,1;5;4,2818436769219295;2,870824235290756
0,82;612,5;318,5;147,0;7,0;2;0,1;5;4,145779613519694;2,7180252192248653
0,82;612,5;318,5;147,0;7,0;3;0,1;5;4,112995120692432;2,708423126587607
0,82;612,5;318,5;147,0;7,0;4;0,1;5;4,042870307609688;2,815729489920882
0,82;612,5;318,5;147,0;7,0;5;0,1;5;4,110927707651032;2,7864957210128227
0,79;637,0;343,0;147,0;7,0;2;0,1;5;4,859535614546694;2,9473746455599232
0,79;637,0;343,0;147,0;7,0;3;0,1;5;4,844247749484168;2,931455390314804
0,79;637,0;343,0;147,0;7,0;4;0,1;5;4,8471227592048995;3,087901200327643
0,79;637,0;343,0;147,0;7,0;5;0,1;5;4,784418894245022;3,0582656005939537
0,76;661,5;416,5;122,5;7,0;2;0,1;5;4,621750340296656;2,932847562665687
0,76;661,5;416,5;122,5;7,0;3;0,1;5;4,669254572129068;2,934830916244149
0,76;661,5;416,5;122,5;7,0;4;0,1;5;4,629744553767875;2,920608336253703
0,76;661,5;416,5;122,5;7,0;5;0,1;5;4,672382769690045;2,925452913181384
0,74;686,0;245,0;220,5;3,5;2;0,1;5;2,8397613700485596;2,2744676694312074
0,74;686,0;245,0;220,5;3,5;3;0,1;5;2,825897794221527;2,262796436309336
0,74;686,0;245,0;220,5;3,5;4;0,1;5;2,8217167449416487;2,278313888162545
0,74;686,0;245,0;220,5;3,5;5;0,1;5;2,828679498746739;2,2661515988109713
0,71;710,5;269,5;220,5;3,5;2;0,1;5;2,882040394372795;2,303059693835557
0,71;710,5;269,5;220,5;3,5;3;0,1;5;2,8712288120224496;2,279955610953158
0,71;710,5;269,5;220,5;3,5;4;0,1;5;2,867156894100402;2,3072723540861486
0,71;710,5;269,5;220,5;3,5;5;0,1;5;3,2356903263457486;2,2875648177871333
0,69;735,0;294,0;220,5;3,5;2;0,1;5;2,939019753354177;2,32232645606712
0,69;735,0;294,0;220,5;3,5;3;0,1;5;2,9298710467895708;2,3083214246326604
0,69;735,0;294,0;220,5;3,5;4;0,1;5;2,9259353295331327;2,317690364944664
0,69;735,0;294,0;220,5;3,5;5;0,1;5;2,9324898970016005;2,3140623378912633
0,66;759,5;318,5;220,5;3,5;2;0,1;5;2,9610391352330057;2,321812907501029
0,66;759,5;318,5;220,5;3,5;3;0,1;5;2,9558831795400136;2,3355430199116887
0,66;759,5;318,5;220,5;3,5;4;0,1;5;2,9403227771789684;2,3274405150746413
0,66;759,5;318,5;220,5;3,5;5;0,1;5;2,9558831795400136;2,338556463052148
0,64;784,0;343,0;220,5;3,5;2;0,1;5;3,3907151232756467;2,527873537627616
0,64;784,0;343,0;220,5;3,5;3;0,1;5;3,4118156259889685;2,5256101754112423
0,64;784,0;343,0;220,5;3,5;4;0,1;5;3,3866680702172522;2,5286262527263994
0,64;784,0;343,0;220,5;3,5;5;0,1;5;3,41081636835407;2,529753701627291
0,62;808,5;367,5;220,5;3,5;2;0,1;5;3,1102195094063254;2,306221650584439
0,62;808,5;367,5;220,5;3,5;3;0,1;5;3,1278607363180244;2,291874846037106
0,62;808,5;367,5;220,5;3,5;4;0,1;5;3,1348682261763763;2,29294807699766
0,62;808,5;367,5;220,5;3,5;5;0,1;5;3,113761877474781;2,3014731467177554
0,98;514,5;294,0;110,25;7,0;2;0,25;1;4,386503837647218;2,837197416338173
0,98;514,5;294,0;110,25;7,0;3;0,25;1;4,386503837647218;2,837197416338173
0,98;514,5;294,0;110,25;7,0;4;0,25;1;4,399655898607923;2,8252570316025354
0,98;514,5;294,0;110,25;7,0;5;0,25;1;4,402037938615396;2,830201381896677
0,9;563,5;318,5;122,5;7,0;2;0,25;1;4,6414132470246345;2,9689130594984774
0,9;563,5;318,5;122,5;7,0;3;0,25;1;4,683294138322048;2,911009027376153
0,9;563,5;318,5;122,5;7,0;4;0,25;1;4,649858044150168;2,901466770285158
0,9;563,5;318,5;122,5;7,0;5;0,25;1;4,605129315595564;2,995660480765133
0,86;588,0;294,0;147,0;7,0;2;0,25;1;4,468189837766574;2,9274602659673783
0,86;588,0;294,0;147,0;7,0;3;0,25;1;4,497349442364406;2,809215294105197
0,86;588,0;294,0;147,0;7,0;4;0,25;1;4,471642308478741;2,844803375513851
0,86;588,0;294,0;147,0;7,0;5;0,25;1;4,416861955668421;2,942309688288885
0,82;612,5;318,5;147,0;7,0;2;0,25;1;4,306344786930693;2,8459477280419714
0,82;612,5;318,5;147,0;7,0;3;0,25;1;4,333013351852261;2,790256623592729
0,82;612,5;318,5;147,0;7,0;4;0,25;1;4,314445135531434;2,775332033484824
0,82;612,5;318,5;147,0;7,0;5;0,25;1;4,265339851712746;2,8732360069438636
0,79;637,0;343,0;147,0;7,0;2;0,25;1;4,936181100011612;3,0979669259912863
0,79;637,0;343,0;147,0;7,0;3;0,25;1;4,99768922444653;2,9997688814473267
0,79;637,0;343,0;147,0;7,0;4;0,25;1;4,990097951808508;2,98243368139232
0,79;637,0;343,0;147,0;7,0;5;0,25;1;4,953093267638934;3,123427922344663
0,76;661,5;416,5;122,5;7,0;2;0,25;1;4,856200938339928;2,98243368139232
0,76;661,5;416,5;122,5;7,0;3;0,25;1;4,816249808531713;2,995660480765133
0,76;661,5;416,5;122,5;7,0;4;0,25;1;4,853815765334805;2,993325987787983
0,76;661,5;416,5;122,5;7,0;5;0,25;1;4,830778426609171;2,978206046396208
0,74;686,0;245,0;220,5;3,5;2;0,25;1;3,0912058034946535;2,3544036819490612
0,74;686,0;245,0;220,5;3,5;3;0,25;1;3,0995495391091015;2,3694065167104803
0,74;686,0;245,0;220,5;3,5;4;0,25;1;3,088814603696847;2,358794073556608
0,74;686,0;245,0;220,5;3,5;5;0,25;1;3,0935937618309928;2,3694065167104803
0,71;710,5;269,5;220,5;3,5;2;0,25;1;3,1078539751906114;2,3655668853880734
0,71;710,5;269,5;220,5;3,5;3;0,25;1;3,117297153335606;2,3859503392494865
0,71;710,5;269,5;220,5;3,5;4;0,25;1;3,1078539751906114;2,3665288607782475
0,71;710,5;269,5;220,5;3,5;5;0,25;1;3,114941089251184;2,384080225899141
0,69;735,0;294,0;220,5;3,5;2;0,25;1;3,1325354789307376;2,355381813038378
0,69;735,0;294,0;220,5;3,5;3;0,25;1;3,1499566230222404;2,375599283606778
0,69;735,0;294,0;220,5;3,5;4;0,25;1;3,1266901174704733;2,3684486726822542
0,69;735,0;294,0;220,5;3,5;5;0,25;1;3,1255187231058184;2,382674194189007
0,66;759,5;318,5;220,5;3,5;2;0,25;1;3,1774792588516747;2,4106963755339392
0,66;759,5;318,5;220,5;3,5;3;0,25;1;3,1786168308930534;2,405276189204809
0,66;759,5;318,5;220,5;3,5;4;0,25;1;3,1774792588516747;2,4106963755339392
0,66;759,5;318,5;220,5;3,5;5;0,25;1;3,1786168308930534;2,4016380436565035
0,64;784,0;343,0;220,5;3,5;2;0,25;1;3,613133063697651;2,595418217321294
0,64;784,0;343,0;220,5;3,5;3;0,25;1;3,59965257557971;2,597451464069268
0,64;784,0;343,0;220,5;3,5;4;0,25;1;3,6149230949404076;2,594059159195686
0,64;784,0;343,0;220,5;3,5;5;0,25;1;3,6014556375616116;2,5937189479960017
0,62;808,5;367,5;220,5;3,5;2;0,25;1;3,3836268527376103;2,382204858098668
0,62;808,5;367,5;220,5;3,5;3;0,25;1;3,3866680702172522;2,3906028171396287
0,62;808,5;367,5;220,5;3,5;4;0,25;1;3,3826119808178836;2,382204858098668
0,62;808,5;367,5;220,5;3,5;5;0,25;1;3,3907151232756467;2,38173519184707
0,98;514,5;294,0;110,25;7,0;2;0,25;2;4,4174526454748815;2,8332426427416566
0,98;514,5;294,0;110,25;7,0;3;0,25;2;4,411537913729443;2,8348741197227985
0,98;514,5;294,0;110,25;7,0;4;0,25;2;4,38830239219092;2,846176346163118
0,98;514,5;294,0;110,25;7,0;5;0,25;2;4,413314163466987;2,8425083372288533
0,9;563,5;318,5;122,5;7,0;2;0,25;2;4,629744553767875;2,9583340326555603
0,9;563,5;318,5;122,5;7,0;3;0,25;2;4,672382769690045;2,9000016491305125
0,9;563,5;318,5;122,5;7,0;4;0,25;2;4,622818040929004;2,9027198236469287
0,9;563,5;318,5;122,5;7,0;5;0,25;2;4,586742983298653;2,9981645555828864
0,86;588,0;294,0;147,0;7,0;2;0,25;2;4,456638742955412;2,9151121602304606
0,86;588,0;294,0;147,0;7,0;3;0,25;2;4,487105792724171;2,7915052663803834
0,86;588,0;294,0;147,0;7,0;4;0,25;2;4,452580174475117;2,8397430741523513
0,86;588,0;294,0;147,0;7,0;5;0,25;2;4,401442693818334;2,938187966672019
0,82;612,5;318,5;147,0;7,0;2;0,25;2;4,236446262089016;2,8009145726451967
0,82;612,5;318,5;147,0;7,0;3;0,25;2;4,251908695172416;2,767864291908797
0,82;612,5;318,5;147,0;7,0;4;0,25;2;4,213023148864237;2,761616408133733
0,82;612,5;318,5;147,0;7,0;5;0,25;2;4,184011462033594;2,839281000565872
0,79;637,0;343,0;147,0;7,0;2;0,25;2;4,93158683162682;3,098873640516849
0,79;637,0;343,0;147,0;7,0;3;0,25;2;5,004809163978175;2,99260587383356
0,79;637,0;343,0;147,0;7,0;4;0,25;2;4,995013060681008;2,9809665268004784
0,79;637,0;343,0;147,0;7,0;5;0,25;2;4,9503599592809975;3,1299133679540043
0,76;661,5;416,5;122,5;7,0;2;0,25;2;4,8557241214566655;2,982799918161177
0,76;661,5;416,5;122,5;7,0;3;0,25;2;4,823526778045651;2,991524100332287
0,76;661,5;416,5;122,5;7,0;4;0,25;2;4,851427866777871;2,9902595928975937
0,76;661,5;416,5;122,5;7,0;5;0,25;2;4,83174341027833;2,9817005461055266
0,74;686,0;245,0;220,5;3,5;2;0,25;2;3,0816214589668554;2,3315039677690437
0,74;686,0;245,0;220,5;3,5;3;0,25;2;3,0935937618309928;2,3499843475359525
0,74;686,0;245,0;220,5;3,5;4;0,25;2;3,058647126229143;2,3539140806844685
0,74;686,0;245,0;220,5;3,5;5;0,25;2;3,0756046309037046;2,3665288607782475
0,71;710,5;269,5;220,5;3,5;2;0,25;2;3,079217196533079;2,3405579435888453
0,71;710,5;269,5;220,5;3,5;3;0,25;2;3,074398791567429;2,364603525337591
0,71;710,5;269,5;220,5;3,5;4;0,25;2;3,063508852155575;2,342055150228203
0,71;710,5;269,5;220,5;3,5;5;0,25;2;3,098359992438181;2,360736162397418
0,69;735,0;294,0;220,5;3,5;2;0,25;2;3,1406866784976772;2,3703629911073443
0,69;735,0;294,0;220,5;3,5;3;0,25;2;3,1430087161949447;2,3859503392494865
0,69;735,0;294,0;220,5;3,5;4;0,25;2;3,1266901174704733;2,3770202727944274
0,69;735,0;294,0;220,5;3,5;5;0,25;2;3,152266552043315;2,392454758411919
0,66;759,5;318,5;220,5;3,5;2;0,25;2;3,163771282739021;2,3878152260765853
0,66;759,5;318,5;220,5;3,5;3;0,25;2;3,1499566230222404;2,3859503392494865
0,66;759,5;318,5;220,5;3,5;4;0,25;2;3,1313679509610632;2,4030046797751154
0,66;759,5;318,5;220,5;3,5;5;0,25;2;3,158028243589581;2,386883434241564
0,64;784,0;343,0;220,5;3,5;2;0,25;2;3,5806138615933243;2,5726205988736552
0,64;784,0;343,0;220,5;3,5;3;0,25;2;3,553071660990411;2,575776991458882
0,64;784,0;343,0;220,5;3,5;4;0,25;2;3,5696461290723835;2,5729720684018984
0,64;784,0;343,0;220,5;3,5;5;0,25;2;3,5778780122577043;2,571212814174247
0,62;808,5;367,5;220,5;3,5;2;0,25;2;3,3058880169854246;2,360736162397418
0,62;808,5;367,5;220,5;3,5;3;0,25;2;3,3394661438518503;2,3760732824940756
0,62;808,5;367,5;220,5;3,5;4;0,25;2;3,3332176330096432;2,3519520925606563
0,62;808,5;367,5;220,5;3,5;5;0,25;2;3,3332176330096432;2,3597658218088053
0,98;514,5;294,0;110,25;7,0;2;0,25;3;4,4174526454748815;2,8287927045994774
0,98;514,5;294,0;110,25;7,0;3;0,25;3;4,410945481046976;2,836965476158375
0,98;514,5;294,0;110,25;7,0;4;0,25;3;4,3877030534440635;2,844345044505648
0,98;514,5;294,0;110,25;7,0;5;0,25;3;4,415088843103002;2,846404880293269
0,9;563,5;318,5;122,5;7,0;2;0,25;3;4,585112679622191;2,973205436843295
0,9;563,5;318,5;122,5;7,0;3;0,25;3;4,626550613291177;2,949504961462194
0,9;563,5;318,5;122,5;7,0;4;0,25;3;4,6414132470246345;2,903970335304458
0,9;563,5;318,5;122,5;7,0;5;0,25;3;4,620682082329339;2,8962181372250875
0,86;588,0;294,0;147,0;7,0;2;0,25;3;4,401442693818334;2,9181716533456648
0,86;588,0;294,0;147,0;7,0;3;0,25;3;4,460111023700828;2,906048899724782
0,86;588,0;294,0;147,0;7,0;4;0,25;3;4,461844924273455;2,803612160697391
0,86;588,0;294,0;147,0;7,0;5;0,25;3;4,440939005639116;2,83789271916089
0,82;612,5;318,5;147,0;7,0;2;0,25;3;4,168004566130033;2,813083744345617
0,82;612,5;318,5;147,0;7,0;3;0,25;3;4,219557521983284;2,7882536132692266
0,82;612,5;318,5;147,0;7,0;4;0,25;3;4,212368518358315;2,7676051968365356
0,82;612,5;318,5;147,0;7,0;5;0,25;3;4,199230006150414;2,753453481957626
0,79;637,0;343,0;147,0;7,0;2;0,25;3;4,953093267638934;3,1177494266714425
0,79;637,0;343,0;147,0;7,0;3;0,25;3;4,921443986147733;3,095845891127941
0,79;637,0;343,0;147,0;7,0;4;0,25;3;4,987860030230901;2,998878112807067
0,79;637,0;343,0;147,0;7,0;5;0,25;3;4,988755483062684;2,982799918161177
0,76;661,5;416,5;122,5;7,0;2;0,25;3;4,809434954006108;2,9679759229712155
0,76;661,5;416,5;122,5;7,0;3;0,25;3;4,838485825184344;2,9748768705156157
0,76;661,5;416,5;122,5;7,0;4;0,25;3;4,79229952528631;2,9902595928975937
0,76;661,5;416,5;122,5;7,0;5;0,25;3;4,8351173415828494;2,9904403979507355
0,74;686,0;245,0;220,5;3,5;2;0,25;3;3,0142739930158147;2,3192392757391906
0,74;686,0;245,0;220,5;3,5;3;0,25;3;3,042752845275495;2,282138406187062
0,74;686,0;245,0;220,5;3,5;4;0,25;3;3,036601084626237;2,3309973763220784
0,74;686,0;245,0;220,5;3,5;5;0,25;3;3,0004879095762065;2,333021456774494
0,71;710,5;269,5;220,5;3,5;2;0,25;3;3,088814603696847;2,3410573833795434
0,71;710,5;269,5;220,5;3,5;3;0,25;3;3,073192124771189;2,332010177963437
0,71;710,5;269,5;220,5;3,5;4;0,25;3;3,0513291964320524;2,3727482093359717
0,71;710,5;269,5;220,5;3,5;5;0,25;3;3,0622946819672054;2,342055150228203
0,69;735,0;294,0;220,5;3,5;2;0,25;3;3,080419738395555;2,3410573833795434
0,69;735,0;294,0;220,5;3,5;3;0,25;3;3,0947865284499025;2,313542450992546
0,69;735,0;294,0;220,5;3,5;4;0,25;3;3,076809644019479;2,3665288607782475
0,69;735,0;294,0;220,5;3,5;5;0,25;3;3,0537718988426907;2,353424121611458
0,66;759,5;318,5;220,5;3,5;2;0,25;3;3,154573475425526;2,3708407158569904
0,66;759,5;318,5;220,5;3,5;3;0,25;3;3,159178339382436;2,3836118776494444
0,66;759,5;318,5;220,5;3,5;4;0,25;3;3,1278607363180244;2,3993540641947733
0,66;759,5;318,5;220,5;3,5;5;0,25;3;3,139524516862268;2,4048225071798264
0,64;784,0;343,0;220,5;3,5;2;0,25;3;3,5521464852493523;2,55117665437914
0,64;784,0;343,0;220,5;3,5;3;0,25;3;3,5613774657082033;2,556964550297962
0,64;784,0;343,0;220,5;3,5;4;0,25;3;3,536347155179503;2,572268938883295
0,64;784,0;343,0;220,5;3,5;5;0,25;3;3,5549206238097573;2,5659062647082758
0,62;808,5;367,5;220,5;3,5;2;0,25;3;3,2597582787687083;2,3395579486492877
0,62;808,5;367,5;220,5;3,5;3;0,25;3;3,3058880169854246;2,3430514369210433
0,62;808,5;367,5;220,5;3,5;4;0,25;3;3,26409974632405;2,3395579486492877
0,62;808,5;367,5;220,5;3,5;5;0,25;3;3,268430731526973;2,311980381417488
0,98;514,5;294,0;110,25;7,0;2;0,25;4;4,419223673312044;2,8330092255980186
0,98;514,5;294,0;110,25;7,0;3;0,25;4;4,410352873458266;2,8325421289365056
0,98;514,5;294,0;110,25;7,0;4;0,25;4;4,386503837647218;2,846404880293269
0,98;514,5;294,0;110,25;7,0;5;0,25;4;4,414497457492776;2,844803375513851
0,9;563,5;318,5;122,5;7,0;2;0,25;4;4,64088429072214;2,8890076035203336
0,9;563,5;318,5;122,5;7,0;3;0,25;4;4,588371985110338;2,987359375528024
0,9;563,5;318,5;122,5;7,0;4;0,25;4;4,608894277764213;2,9696617335064293
0,9;563,5;318,5;122,5;7,0;5;0,25;4;4,6729036734739005;2,9108031510282326
0,86;588,0;294,0;147,0;7,0;2;0,25;4;4,464154475247789;2,829262617298605
0,86;588,0;294,0;147,0;7,0;3;0,25;4;4,4026330068004045;2,9316544655627417
0,86;588,0;294,0;147,0;7,0;4;0,25;4;4,441522665257768;2,926457409682485
0,86;588,0;294,0;147,0;7,0;5;0,25;4;4,487676247803314;2,8018968584511432
0,82;612,5;318,5;147,0;7,0;2;0,25;4;4,231265104276813;2,7505313875508435
0,82;612,5;318,5;147,0;7,0;3;0,25;4;4,185339500161008;2,8287927045994774
0,82;612,5;318,5;147,0;7,0;4;0,25;4;4,216293043296637;2,8128426659271244
0,82;612,5;318,5;147,0;7,0;5;0,25;4;4,2531917883400405;2,7776317014190632
0,79;637,0;343,0;147,0;7,0;2;0,25;4;4,99635156559691;2,97152940753738
0,79;637,0;343,0;147,0;7,0;3;0,25;4;4,943968419568112;3,122848000293423
0,79;637,0;343,0;147,0;7,0;4;0,25;4;4,920519478743592;3,103386674517735
0,79;637,0;343,0;147,0;7,0;5;0,25;4;5,001697136267957;2,9898978213838756
0,76;661,5;416,5;122,5;7,0;2;0,25;4;4,8557241214566655;2,9888112133880846
0,76;661,5;416,5;122,5;7,0;3;0,25;4;4,83174341027833;2,9807828836086987
0,76;661,5;416,5;122,5;7,0;4;0,25;4;4,84903723585111;2,9860861681029407
0,76;661,5;416,5;122,5;7,0;5;0,25;4;4,822557982645245;2,9944045609585412
0,74;686,0;245,0;220,5;3,5;2;0,25;4;3,0780138321513557;2,3410573833795434
0,74;686,0;245,0;220,5;3,5;3;0,25;4;3,0756046309037046;2,3568463384912497
0,74;686,0;245,0;220,5;3,5;4;0,25;4;3,061079671764864;2,3465268441701252
0,74;686,0;245,0;220,5;3,5;5;0,25;4;3,0912058034946535;2,3621890423786143
0,71;710,5;269,5;220,5;3,5;2;0,25;4;3,082822359472222;2,3284586811328802
0,71;710,5;269,5;220,5;3,5;3;0,25;4;3,098359992438181;2,349491507995309
0,71;710,5;269,5;220,5;3,5;4;0,25;4;3,0598638202770143;2,354892925901837
0,71;710,5;269,5;220,5;3,5;5;0,25;4;3,073192124771189;2,3760732824940756
0,69;735,0;294,0;220,5;3,5;2;0,25;4;3,1476436797881298;2,3631558807175543
0,69;735,0;294,0;220,5;3,5;3;0,25;4;3,152266552043315;2,3803242077006503
0,69;735,0;294,0;220,5;3,5;4;0,25;4;3,1196500790957784;2,385015937630008
0,69;735,0;294,0;220,5;3,5;5;0,25;4;3,1418480779112223;2,3988963267366947
0,66;759,5;318,5;220,5;3,5;2;0,25;4;3,152266552043315;2,3906028171396287
0,66;759,5;318,5;220,5;3,5;3;0,25;4;3,158028243589581;2,3736999192179677
0,66;759,5;318,5;220,5;3,5;4;0,25;4;3,1418480779112223;2,4007253917997833
0,66;759,5;318,5;220,5;3,5;5;0,25;4;3,148800528719174;2,3993540641947733
0,64;784,0;343,0;220,5;3,5;2;0,25;4;3,566894012361375;2,543133344821835
0,64;784,0;343,0;220,5;3,5;3;0,25;4;3,5391451183405507;2,547167413371842
0,64;784,0;343,0;220,5;3,5;4;0,25;4;3,52698983093324;2,5690953956736937
0,64;784,0;343,0;220,5;3,5;5;0,25;4;3,5326099227114787;2,552265812946661
0,62;808,5;367,5;220,5;3,5;2;0,25;4;3,304828560583084;2,3650853786822132
0,62;808,5;367,5;220,5;3,5;3;0,25;4;3,334260553056937;2,3722718458707472
0,62;808,5;367,5;220,5;3,5;4;0,25;4;3,334260553056937;2,348504741435264
0,62;808,5;367,5;220,5;3,5;5;0,25;4;3,3384262244316463;2,3636387768315825
0,98;514,5;294,0;110,25;7,0;2;0,25;5;4,418633504185159;2,831138735463493
0,98;514,5;294,0;110,25;7,0;3;0,25;5;4,412130171618484;2,836733449590607
0,98;514,5;294,0;110,25;7,0;4;0,25;5;4,386503837647218;2,8420483122216798
0,98;514,5;294,0;110,25;7,0;5;0,25;5;4,413905897651522;2,846633330491086
0,9;563,5;318,5;122,5;7,0;2;0,25;5;4,665076221866438;2,8917745230093788
0,9;563,5;318,5;122,5;7,0;3;0,25;5;4,621750340296656;2,886442478844976
0,9;563,5;318,5;122,5;7,0;4;0,25;5;4,5796689023997175;2,9886299231058566
0,9;563,5;318,5;122,5;7,0;5;0,25;5;4,629744553767875;2,959476305949648
0,86;588,0;294,0;147,0;7,0;2;0,25;5;4,477956543497637;2,7947401546054325
0,86;588,0;294,0;147,0;7,0;3;0,25;5;4,44210615569109;2,8287927045994774
0,86;588,0;294,0;147,0;7,0;4;0,25;5;4,396077524150047;2,9308577768076516
0,86;588,0;294,0;147,0;7,0;5;0,25;5;4,459532725367865;2,917153512204622
0,82;612,5;318,5;147,0;7,0;2;0,25;5;4,233857382812473;2,75662586745438
0,82;612,5;318,5;147,0;7,0;3;0,25;5;4,199230006150414;2,7446463229160103
0,82;612,5;318,5;147,0;7,0;4;0,25;5;4,161296302305741;2,8259657707809844
0,82;612,5;318,5;147,0;7,0;5;0,25;5;4,220209769555283;2,797711466737527
0,79;637,0;343,0;147,0;7,0;2;0,25;5;4,99143956900303;2,9949431303025458
0,79;637,0;343,0;147,0;7,0;3;0,25;5;4,988755483062684;2,97894339890001
0,79;637,0;343,0;147,0;7,0;4;0,25;5;4,951727056491235;3,119939880423712
0,79;637,0;343,0;147,0;7,0;5;0,25;5;4,935263048284865;3,0969073498587276
0,76;661,5;416,5;122,5;7,0;2;0,25;5;4,794756105671287;2,983897307994423
0,76;661,5;416,5;122,5;7,0;3;0,25;5;4,84088856020706;2,9853574227053916
0,76;661,5;416,5;122,5;7,0;4;0,25;5;4,812845169505345;2,96156494238912
0,76;661,5;416,5;122,5;7,0;5;0,25;5;4,8437681961022605;2,969474651138027
0,74;686,0;245,0;220,5;3,5;2;0,25;5;3,0537718988426907;2,318723367600782
0,74;686,0;245,0;220,5;3,5;3;0,25;5;2,9979696078500244;2,323864756423079
0,74;686,0;245,0;220,5;3,5;4;0,25;5;2,9941853244596923;2,3355430199116887
0,74;686,0;245,0;220,5;3,5;5;0,25;5;3,041524219877002;2,295089443637913
0,71;710,5;269,5;220,5;3,5;2;0,25;5;3,0719846292726527;2,358307670342101
0,71;710,5;269,5;220,5;3,5;3;0,25;5;3,0622946819672054;2,330490403076104
0,71;710,5;269,5;220,5;3,5;4;0,25;5;3,0695671471849475;2,356358518840027
0,71;710,5;269,5;220,5;3,5;5;0,25;5;3,0719846292726527;2,3435490265128904
0,69;735,0;294,0;220,5;3,5;2;0,25;5;3,095978488296519;2,3519520925606563
0,69;735,0;294,0;220,5;3,5;3;0,25;5;3,0537718988426907;2,3435490265128904
0,69;735,0;294,0;220,5;3,5;4;0,25;5;3,061079671764864;2,3558703438532547
0,69;735,0;294,0;220,5;3,5;5;0,25;5;3,095978488296519;2,3248883411919476
0,66;759,5;318,5;220,5;3,5;2;0,25;5;3,1499566230222404;2,385015937630008
0,66;759,5;318,5;220,5;3,5;3;0,25;5;3,1371979025455943;2,394301569200946
0,66;759,5;318,5;220,5;3,5;4;0,25;5;3,1325354789307376;2,3836118776494444
0,66;759,5;318,5;220,5;3,5;5;0,25;5;3,1603276901406545;2,395683326640401
0,64;784,0;343,0;220,5;3,5;2;0,25;5;3,5428691477228504;2,5605560088294395
0,64;784,0;343,0;220,5;3,5;3;0,25;5;3,5549206238097573;2,556243872562175
0,64;784,0;343,0;220,5;3,5;4;0,25;5;3,5456572467683216;2,5627013997352437
0,64;784,0;343,0;220,5;3,5;5;0,25;5;3,56045643931679;2,5662613868890087
0,62;808,5;367,5;220,5;3,5;2;0,25;5;3,2345886011899654;2,3544036819490612
0,62;808,5;367,5;220,5;3,5;3;0,25;5;3,268430731526973;2,325399550624583
0,62;808,5;367,5;220,5;3,5;4;0,25;5;3,2867217488209617;2,325399550624583
0,62;808,5;367,5;220,5;3,5;5;0,25;5;3,254316618733841;2,332516007450542
0,98;514,5;294,0;110,25;7,0;2;0,4;1;4,619078648982858;2,9151121602304606
0,98;514,5;294,0;110,25;7,0;3;0,4;1;4,619078648982858;2,9144984315192706
0,98;514,5;294,0;110,25;7,0;4;0,4;1;4,631339657929156;2,903970335304458
0,98;514,5;294,0;110,25;7,0;5;0,4;1;4,633464533041066;2,9083272509813773
0,9;563,5;318,5;122,5;7,0;2;0,4;1;4,8327079476623735;3,0253890892440376
0,9;563,5;318,5;122,5;7,0;3;0,4;1;4,869507855538012;2,9737630908424184
0,9;563,5;318,5;122,5;7,0;4;0,4;1;4,8418488802756805;2,9651558461362053
0,9;563,5;318,5;122,5;7,0;5;0,4;1;4,807971721040353;3,0538866988594258
0,86;588,0;294,0;147,0;7,0;2;0,4;1;4,599198894303115;2,9664735039869057
0,86;588,0;294,0;147,0;7,0;3;0,4;1;4,626017805163487;2,8570523107262313
0,86;588,0;294,0;147,0;7,0;4;0,4;1;4,609968708666875;2,8799827133986047
0,86;588,0;294,0;147,0;7,0;5;0,4;1;4,566544206596476;2,9802316214478077
0,82;612,5;318,5;147,0;7,0;2;0,4;1;4,44967618408195;2,8801991294022287
0,82;612,5;318,5;147,0;7,0;3;0,4;1;4,4893866478508935;2,8217012143797606
0,82;612,5;318,5;147,0;7,0;4;0,4;1;4,467613851313151;2,8183640835822032
0,82;612,5;318,5;147,0;7,0;5;0,4;1;4,416271092078848;2,9185784383177804
0,79;637,0;343,0;147,0;7,0;2;0,4;1;5,057893435407885;3,120085624457794
0,79;637,0;343,0;147,0;7,0;3;0,4;1;5,110108260089978;3,0217947751356107
0,79;637,0;343,0;147,0;7,0;4;0,4;1;5,105028662207233;3,0093067545349386
0,79;637,0;343,0;147,0;7,0;5;0,4;1;5,069559884026569;3,143656814656584
0,76;661,5;416,5;122,5;7,0;2;0,4;1;5,030859098264942;3,0299791632372237
0,76;661,5;416,5;122,5;7,0;3;0,4;1;4,995013060681008;3,0516035463029945
0,76;661,5;416,5;122,5;7,0;4;0,4;1;5,0277851050530895;3,047998145460103
0,76;661,5;416,5;122,5;7,0;5;0,4;1;5,015444396298093;3,028792488399748
0,74;686,0;245,0;220,5;3,5;2;0,4;1;3,32485252215187;2,4349881530265884
0,74;686,0;245,0;220,5;3,5;3;0,4;1;3,334260553056937;2,448297497582465
0,74;686,0;245,0;220,5;3,5;4;0,4;1;3,3227551745219785;2,4388798034431654
0,74;686,0;245,0;220,5;3,5;5;0,4;1;3,327993981547164;2,448297497582465
0,71;710,5;269,5;220,5;3,5;2;0,4;1;3,3238041529885103;2,441890907387056
0,71;710,5;269,5;220,5;3,5;3;0,4;1;3,3332176330096432;2,4592572491126417
0,71;710,5;269,5;220,5;3,5;4;0,4;1;3,3227551745219785;2,4427487126323086
0,71;710,5;269,5;220,5;3,5;5;0,4;1;3,3311299849578906;2,4575829252260224
0,69;735,0;294,0;220,5;3,5;2;0,4;1;3,3238041529885103;2,4156263588947726
0,69;735,0;294,0;220,5;3,5;3;0,4;1;3,3436198504098527;2,4375851259745245
0,69;735,0;294,0;220,5;3,5;4;0,4;1;3,3143413185914983;2,4319454280363835
0,69;735,0;294,0;220,5;3,5;5;0,4;1;3,3143413185914983;2,4461688549475813
0,66;759,5;318,5;220,5;3,5;2;0,4;1;3,3977758542742147;2,4850819348258963
0,66;759,5;318,5;220,5;3,5;3;0,4;1;3,3977758542742147;2,4806452194717
0,66;759,5;318,5;220,5;3,5;4;0,4;1;3,3977758542742147;2,4850819348258963
0,66;759,5;318,5;220,5;3,5;5;0,4;1;3,3977758542742147;2,4773996213040643
0,64;784,0;343,0;220,5;3,5;2;0,4;1;3,7857893114887444;2,647244921376223
0,64;784,0;343,0;220,5;3,5;3;0,4;1;3,772677314317815;2,6475580143958974
0,64;784,0;343,0;220,5;3,5;4;0,4;1;3,7825198309682033;2,647244921376223
0,64;784,0;343,0;220,5;3,5;5;0,4;1;3,7776049819241124;2,6412669479005184
0,62;808,5;367,5;220,5;3,5;2;0,4;1;3,3836268527376103;2,4461688549475813
0,62;808,5;367,5;220,5;3,5;3;0,4;1;3,5833456768635337;2,446595131992357
0,62;808,5;367,5;220,5;3,5;4;0,4;1;3,5806138615933243;2,444033338992405
0,62;808,5;367,5;220,5;3,5;5;0,4;1;3,5806138615933243;2,4461688549475813
0,98;514,5;294,0;110,25;7,0;2;0,4;2;4,648804343951002;2,9066711043248357
0,98;514,5;294,0;110,25;7,0;3;0,4;2;4,6429992975989185;2,910185108631426
0,98;514,5;294,0;110,25;7,0;4;0,4;2;4,618008994891399;2,9266581119936768
0,98;514,5;294,0;110,25;7,0;5;0,4;2;4,643527708602106;2,923438979070183
0,9;563,5;318,5;122,5;7,0;2;0,4;2;4,802108478265114;3,0093067545349386
0,9;563,5;318,5;122,5;7,0;3;0,4;2;4,8375239560651915;2,955085948291216
0,9;563,5;318,5;122,5;7,0;4;0,4;2;4,812845169505345;2,9464038636178076
0,9;563,5;318,5;122,5;7,0;5;0,4;2;4,794756105671287;3,0484910641700633
0,86;588,0;294,0;147,0;7,0;2;0,4;2;4,630808094560771;2,9568076723589103
0,86;588,0;294,0;147,0;7,0;3;0,4;2;4,644584122286513;2,8541254813998136
0,86;588,0;294,0;147,0;7,0;4;0,4;2;4,612115877927335;2,892411286455835
0,86;588,0;294,0;147,0;7,0;5;0,4;2;4,585656258973062;2,98261682732333
0,82;612,5;318,5;147,0;7,0;2;0,4;2;4,4339218546042884;2,8498228530732264
0,82;612,5;318,5;147,0;7,0;3;0,4;2;4,465308259830582;2,792502394569827
0,82;612,5;318,5;147,0;7,0;4;0,4;2;4,415680054594348;2,817407334184758
0,82;612,5;318,5;147,0;7,0;5;0,4;2;4,37808915560595;2,905841358488566
0,79;637,0;343,0;147,0;7,0;2;0,4;2;5,068266764425144;3,1244414273810306
0,79;637,0;343,0;147,0;7,0;3;0,4;2;5,130306839315592;3,0276034779480026
0,79;637,0;343,0;147,0;7,0;4;0,4;2;5,11517581474227;3,0178334804520484
0,79;637,0;343,0;147,0;7,0;5;0,4;2;5,080305465853843;3,158729562621457
0,76;661,5;416,5;122,5;7,0;2;0,4;2;5,030859098264942;3,028792488399748
0,76;661,5;416,5;122,5;7,0;3;0,4;2;5,003031422510311;3,0442056408016467
0,76;661,5;416,5;122,5;7,0;4;0,4;2;5,021623726295431;3,045362410830625
0,76;661,5;416,5;122,5;7,0;5;0,4;2;5,015002325649805;3,0325142135028043
0,74;686,0;245,0;220,5;3,5;2;0,4;2;3,326947435660282;2,4124933307221093
0,74;686,0;245,0;220,5;3,5;3;0,4;2;3,3175011154740175;2,434554332584745
0,74;686,0;245,0;220,5;3,5;4;0,4;2;3,2888614440736035;2,4371530036886653
0,74;686,0;245,0;220,5;3,5;5;0,4;2;3,3227551745219785;2,4388798034431654
0,71;710,5;269,5;220,5;3,5;2;0,4;2;3,3436198504098527;2,4275743035210398
0,71;710,5;269,5;220,5;3,5;3;0,4;2;3,3394661438518503;2,453378446994979
0,71;710,5;269,5;220,5;3,5;4;0,4;2;3,3122317069928884;2,4491470395160126
0,71;710,5;269,5;220,5;3,5;5;0,4;2;3,3446567880123035;2,4592572491126417
0,69;735,0;294,0;220,5;3,5;2;0,4;2;3,348798604627472;2,4129418115139765
0,69;735,0;294,0;220,5;3,5;3;0,4;2;3,3446567880123035;2,4380169664628193
0,69;735,0;294,0;220,5;3,5;4;0,4;2;3,304828560583084;2,4474468626337305
0,69;735,0;294,0;220,5;3,5;5;0,4;2;3,335302871465286;2,4470211344423416
0,66;759,5;318,5;220,5;3,5;2;0,4;2;3,4088162065871703;2,473319991676147
0,66;759,5;318,5;220,5;3,5;3;0,4;2;3,4038061667692974;2,474954877706204
0,66;759,5;318,5;220,5;3,5;4;0,4;2;3,3836268527376103;2,4938665342305497
0,66;759,5;318,5;220,5;3,5;5;0,4;2;3,404809278573033;2,485483792360451
0,64;784,0;343,0;220,5;3,5;2;0,4;2;3,7594736392239305;2,615139193934217
0,64;784,0;343,0;220,5;3,5;3;0,4;2;3,7327855691493887;2,62655935087657
0,64;784,0;343,0;220,5;3,5;4;0,4;2;3,7344647025010294;2,627205854439005
0,64;784,0;343,0;220,5;3,5;5;0,4;2;3,752836982185556;2,6220155549907833
0,62;808,5;367,5;220,5;3,5;2;0,4;2;3,5456572467683216;2,4529565234605215
0,62;808,5;367,5;220,5;3,5;3;0,4;2;3,588797257068206;2,453800101241785
0,62;808,5;367,5;220,5;3,5;4;0,4;2;3,5915170477725233;2,4315096103055125
0,62;808,5;367,5;220,5;3,5;5;0,4;2;3,5815249142705086;2,4371530036886653
0,98;514,5;294,0;110,25;7,0;2;0,4;3;4,648804343951002;2,9029284184987647
0,98;514,5;294,0;110,25;7,0;3;0,4;3;4,641942066886998;2,912448237320853
0,98;514,5;294,0;110,25;7,0;4;0,4;3;4,61747395804793;2,925050654176727
0,98;514,5;294,0;110,25;7,0;5;0,4;3;4,645112125120962;2,927860950360812
0,9;563,5;318,5;122,5;7,0;2;0,4;3;4,722306676967779;2,9898978213838756
0,9;563,5;318,5;122,5;7,0;3;0,4;3;4,758098507658802;2,9483438903210306
0,9;563,5;318,5;122,5;7,0;4;0,4;3;4,763090253991967;2,9242453450992336
0,9;563,5;318,5;122,5;7,0;5;0,4;3;4,724847609421465;2,913884090076884
0,86;588,0;294,0;147,0;7,0;2;0,4;3;4,565995504822435;2,9518205148394605
0,86;588,0;294,0;147,0;7,0;3;0,4;3;4,611579296977954;2,941722565621035
0,86;588,0;294,0;147,0;7,0;4;0,4;3;4,607819281815125;2,8445742522114155
0,86;588,0;294,0;147,0;7,0;5;0,4;3;4,596497545453404;2,87781438027059
0,82;612,5;318,5;147,0;7,0;2;0,4;3;4,4174526454748815;2,895585290227825
0,82;612,5;318,5;147,0;7,0;3;0,4;3;4,475662741972019;2,856827659030166
0,82;612,5;318,5;147,0;7,0;4;0,4;3;4,464154475247789;2,836733449590607
0,82;612,5;318,5;147,0;7,0;5;0,4;3;4,431577354672828;2,833709214965918
0,79;637,0;343,0;147,0;7,0;2;0,4;3;5,051818891690309;3,1366123155458148
0,79;637,0;343,0;147,0;7,0;3;0,4;3;5,053556246552501;3,103686333715526
0,79;637,0;343,0;147,0;7,0;4;0,4;3;5,104604816802348;3,0173148726269807
0,79;637,0;343,0;147,0;7,0;5;0,4;3;5,0871543186877775;3,0072001538111035
0,76;661,5;416,5;122,5;7,0;2;0,4;3;4,965802071283364;3,006144101827399
0,76;661,5;416,5;122,5;7,0;3;0,4;3;4,989203067334378;3,0115806719331646
0,76;661,5;416,5;122,5;7,0;4;0,4;3;4,946253338688687;3,031839240019998
0,76;661,5;416,5;122,5;7,0;5;0,4;3;4,982030324587772;3,0392227535917398
0,74;686,0;245,0;220,5;3,5;2;0,4;3;3,2662665457607836;2,396602909000559
0,74;686,0;245,0;220,5;3,5;3;0,4;3;3,293133212847702;2,3641213248793274
0,74;686,0;245,0;220,5;3,5;4;0,4;3;3,2802873400407493;2,418744681550557
0,74;686,0;245,0;220,5;3,5;5;0,4;3;3,245575440090228;2,4200766363097337
0,71;710,5;269,5;220,5;3,5;2;0,4;3;3,2770614751171565;2,397979906969809
0,71;710,5;269,5;220,5;3,5;3;0,4;3;3,2727512895495443;2,367969235889902
0,71;710,5;269,5;220,5;3,5;4;0,4;3;3,263015364320797;2,4244972821790864
0,71;710,5;269,5;220,5;3,5;5;0,4;3;3,254316618733841;2,3975212238361854
0,69;735,0;294,0;220,5;3,5;2;0,4;3;3,303768480697048;2,408894550357816
0,69;735,0;294,0;220,5;3,5;3;0,4;3;3,329039921214539;2,3854833019856008
0,69;735,0;294,0;220,5;3,5;4;0,4;3;3,304828560583084;2,4371530036886653
0,69;735,0;294,0;220,5;3,5;5;0,4;3;3,27813740718397;2,4384485255028223
0,66;759,5;318,5;220,5;3,5;2;0,4;3;3,3907151232756467;2,439310800631845
0,66;759,5;318,5;220,5;3,5;3;0,4;3;3,3927352749069173;2,4642548842771044
0,66;759,5;318,5;220,5;3,5;4;0,4;3;3,3456931314923315;2,483472044352874
0,66;759,5;318,5;220,5;3,5;5;0,4;3;3,3642465600950118;2,4882899380959675
0,64;784,0;343,0;220,5;3,5;2;0,4;3;3,6988838913531694;2,583428551342351
0,64;784,0;343,0;220,5;3,5;3;0,4;3;3,7184520649449815;2,5813507038437367
0,64;784,0;343,0;220,5;3,5;4;0,4;3;3,6988838913531694;2,6091862282803446
0,64;784,0;343,0;220,5;3,5;5;0,4;3;3,697172624418138;2,608853891880083
0,62;808,5;367,5;220,5;3,5;2;0,4;3;3,5185274197885126;2,433251164278151
0,62;808,5;367,5;220,5;3,5;3;0,4;3;3,5071833520621825;2,443605407284659
0,62;808,5;367,5;220,5;3,5;4;0,4;3;3,5260514805002394;2,41830010225054
0,62;808,5;367,5;220,5;3,5;5;0,4;3;3,5437989820671056;2,392916941035188
0,98;514,5;294,0;110,25;7,0;2;0,4;4;4,650384691385585;2,9064637725982037
0,98;514,5;294,0;110,25;7,0;3;0,4;4;4,64088429072214;2,908740592842982
0,98;514,5;294,0;110,25;7,0;4;0,4;4;4,616403464365477;2,9268587487370574
0,98;514,5;294,0;110,25;7,0;5;0,4;4;4,644584122286513;2,925452913181384
0,9;563,5;318,5;122,5;7,0;2;0,4;4;4,83174341027833;2,9274602659673783
0,9;563,5;318,5;122,5;7,0;3;0,4;4;4,796719281809656;3,0362131369059777
0,9;563,5;318,5;122,5;7,0;4;0,4;4;4,78046733749111;3,024364320924803
0,9;563,5;318,5;122,5;7,0;5;0,4;4;4,8375239560651915;2,968538377624787
0,86;588,0;294,0;147,0;7,0;2;0,4;4;4,625484858335683;2,87629201445429
0,86;588,0;294,0;147,0;7,0;3;0,4;4;4,586742983298653;2,9704094896485476
0,86;588,0;294,0;147,0;7,0;4;0,4;4;4,613188617579466;2,970596285518207
0,86;588,0;294,0;147,0;7,0;5;0,4;4;4,645112125120962;2,864642492086154
0,82;612,5;318,5;147,0;7,0;2;0,4;4;4,432749946249855;2,799191857993136
0,82;612,5;318,5;147,0;7,0;3;0,4;4;4,380496961983167;2,893894519176486
0,82;612,5;318,5;147,0;7,0;4;0,4;4;4,415680054594348;2,8677410688698672
0,82;612,5;318,5;147,0;7,0;5;0,4;4;4,4670377003955855;2,8048345065060043
0,79;637,0;343,0;147,0;7,0;2;0,4;4;5,1164408289560495;3,008956162477902
0,79;637,0;343,0;147,0;7,0;3;0,4;4;5,07214377037844;3,1526912612356615
0,79;637,0;343,0;147,0;7,0;4;0,4;4;5,0544243920687935;3,1336285043035397
0,79;637,0;343,0;147,0;7,0;5;0,4;4;5,124435258893638;3,030148498060064
0,76;661,5;416,5;122,5;7,0;2;0,4;4;5,026466315096255;3,0435436309621857
0,76;661,5;416,5;122,5;7,0;3;0,4;4;5,014117907666488;3,032008054143621
0,76;661,5;416,5;122,5;7,0;4;0,4;4;5,022945529056519;3,035038663899775
0,76;661,5;416,5;122,5;7,0;5;0,4;4;5,00125218726487;3,0502949883140773
0,74;686,0;245,0;220,5;3,5;2;0,4;4;3,309062653293398;2,4205200281075387
0,74;686,0;245,0;220,5;3,5;3;0,4;4;3,320655386579086;2,4262573274721144
0,74;686,0;245,0;220,5;3,5;4;0,4;4;3,303768480697048;2,433251164278151
0,74;686,0;245,0;220,5;3,5;5;0,4;4;3,3164484648664447;2,451266129892418
0,71;710,5;269,5;220,5;3,5;2;0,4;4;3,3332176330096432;2,431073505819444
0,71;710,5;269,5;220,5;3,5;3;0,4;4;3,3436198504098527;2,4461688549475813
0,71;710,5;269,5;220,5;3,5;4;0,4;4;3,319604575548765;2,4474468626337305
0,71;710,5;269,5;220,5;3,5;5;0,4;4;3,3394661438518503;2,4688030218619734
0,69;735,0;294,0;220,5;3,5;2;0,4;4;3,326947435660282;2,4293262131327205
0,69;735,0;294,0;220,5;3,5;3;0,4;4;3,335302871465286;2,43238095937042
0,69;735,0;294,0;220,5;3,5;4;0,4;4;3,325900282785238;2,433251164278151
0,69;735,0;294,0;220,5;3,5;5;0,4;4;3,3446567880123035;2,454221486527603
0,66;759,5;318,5;220,5;3,5;2;0,4;4;3,4088162065871703;2,473729093798985
0,66;759,5;318,5;220,5;3,5;3;0,4;4;3,4038061667692974;2,4720911586445573
0,66;759,5;318,5;220,5;3,5;4;0,4;4;3,3836268527376103;2,4938665342305497
0,66;759,5;318,5;220,5;3,5;5;0,4;4;3,404809278573033;2,4890894984845384
0,64;784,0;343,0;220,5;3,5;2;0,4;4;3,7478441089446286;2,6138210526916024
0,64;784,0;343,0;220,5;3,5;3;0,4;4;3,75366784313907;2,6091862282803446
0,64;784,0;343,0;220,5;3,5;4;0,4;4;3,7428379673595744;2,63235462975052
0,64;784,0;343,0;220,5;3,5;5;0,4;4;3,7294227987210404;2,64000130326114
0,62;808,5;367,5;220,5;3,5;2;0,4;4;3,5156979520344556;2,441890907387056
0,62;808,5;367,5;220,5;3,5;3;0,4;4;3,5586130089458288;2,428450836891933
0,62;808,5;367,5;220,5;3,5;4;0,4;4;3,5622980335699763;2,4191889634084
0,62;808,5;367,5;220,5;3,5;5;0,4;4;3,546585678154434;2,428450836891933
0,98;514,5;294,0;110,25;7,0;2;0,4;5;4,649858044150168;2,9050104938350723
0,98;514,5;294,0;110,25;7,0;3;0,4;5;4,643527708602106;2,912242841790186
0,98;514,5;294,0;110,25;7,0;4;0,4;5;4,616403464365477;2,9230353988738087
0,98;514,5;294,0;110,25;7,0;5;0,4;5;4,644055983472423;2,9280611945512205
0,9;563,5;318,5;122,5;7,0;2;0,4;5;4,7937738219051695;2,9266581119936768
0,9;563,5;318,5;122,5;7,0;3;0,4;5;4,761094998072343;2,9103911916997074
0,9;563,5;318,5;122,5;7,0;4;0,4;5;4,746571634877712;3,0169688870338014
0,9;563,5;318,5;122,5;7,0;5;0,4;5;4,772541585079846;2,990078734052122
0,86;588,0;294,0;147,0;7,0;2;0,4;5;4,621750340296656;2,8348741197227985
0,86;588,0;294,0;147,0;7,0;3;0,4;5;4,5948750190290015;2,8690643043835196
0,86;588,0;294,0;147,0;7,0;4;0,4;5;4,5571961016165154;2,97152940753738
0,86;588,0;294,0;147,0;7,0;5;0,4;5;4,608356850461073;2,961185721157659
0,82;612,5;318,5;147,0;7,0;2;0,4;5;4,4945091844360485;2,8404355422448786
0,82;612,5;318,5;147,0;7,0;3;0,4;5;4,4658849047571465;2,831840827073012
0,82;612,5;318,5;147,0;7,0;4;0,4;5;4,4403551767278575;2,9246481315922255
0,82;612,5;318,5;147,0;7,0;5;0,4;5;4,48995645980055;2,8979025632196995
0,79;637,0;343,0;147,0;7,0;2;0,4;5;5,088436033722632;3,0129757753255326
0,79;637,0;343,0;147,0;7,0;3;0,4;5;5,08201974242076;2,997807462222765
0,79;637,0;343,0;147,0;7,0;4;0,4;5;5,044419254720645;3,1446364004377894
0,79;637,0;343,0;147,0;7,0;5;0,4;5;5,031297876943486;3,1139334457675254
0,76;661,5;416,5;122,5;7,0;2;0,4;5;4,943053757519917;3,026922991392676
0,76;661,5;416,5;122,5;7,0;3;0,4;5;4,983825793029792;3,0341983529936414
0,76;661,5;416,5;122,5;7,0;4;0,4;5;4,9653495012491256;2,9994127308386767
0,76;661,5;416,5;122,5;7,0;5;0,4;5;4,990097951808508;3,0063202382798324
0,74;686,0;245,0;220,5;3,5;2;0,4;5;3,3132868213517224;2,4240565403276064
0,74;686,0;245,0;220,5;3,5;3;0,4;5;3,2899303377460094;2,4209631239718044
0,74;686,0;245,0;220,5;3,5;4;0,4;5;3,2877919147076144;2,4349881530265884
0,74;686,0;245,0;220,5;3,5;5;0,4;5;3,311175974724916;2,4244972821790864
0,71;710,5;269,5;220,5;3,5;2;0,4;5;3,0912058034946535;2,3736999192179677
0,71;710,5;269,5;220,5;3,5;3;0,4;5;3,114941089251184;2,323864756423079
0,71;710,5;269,5;220,5;3,5;4;0,4;5;3,1301996519455146;2,3612208060287494
0,71;710,5;269,5;220,5;3,5;5;0,4;5;3,090010609379564;2,3602511678186393
0,69;735,0;294,0;220,5;3,5;2;0,4;5;3,2824347034678776;2,4214059242779253
0,69;735,0;294,0;220,5;3,5;3;0,4;5;3,299521910238129;2,386883434241564
0,69;735,0;294,0;220,5;3,5;4;0,4;5;3,309062653293398;2,417410049807553
0,69;735,0;294,0;220,5;3,5;5;0,4;5;3,2920662213101104;2,4262573274721144
0,66;759,5;318,5;220,5;3,5;2;0,4;5;3,3703890506359255;2,4646696500197045
0,66;759,5;318,5;220,5;3,5;3;0,4;5;3,3662963702469417;2,4708600292881653
0,66;759,5;318,5;220,5;3,5;4;0,4;5;3,3662963702469417;2,460927336715834
0,66;759,5;318,5;220,5;3,5;5;0,4;5;3,3907151232756467;2,4818582035652796
0,64;784,0;343,0;220,5;3,5;2;0,4;5;3,6300692019423044;2,58481009011203
0,64;784,0;343,0;220,5;3,5;3;0,4;5;3,6739161792680224;2,5634149592422695
0,64;784,0;343,0;220,5;3,5;4;0,4;5;3,6713141980080923;2,581003747259074
0,64;784,0;343,0;220,5;3,5;5;0,4;5;3,646852672336143;2,604517875873798
0,62;808,5;367,5;220,5;3,5;2;0,4;5;3,525112651945921;2,43238095937042
0,62;808,5;367,5;220,5;3,5;3;0,4;5;3,5156979520344556;2,442319949004886
0,62;808,5;367,5;220,5;3,5;4;0,4;5;3,5194696101650393;2,4205200281075387
0,62;808,5;367,5;220,5;3,5;5;0,4;5;3,5344794856780175;2,394301569200946
